categoria; nome; preco cheio; vendidos; url; 
Acessórios para Veículos > Peças de Motos e Quadriciclos > Chassis > Amortecedores > Traseira; Amortecedor Traseiro Prolink Nxr Bros150 2007 Cofap Original; 494; 3; https://produto.mercadolivre.com.br/MLB-1736801490-amortecedor-traseiro-prolink-nxr-bros150-2007-cofap-original-_JM#position=1&search_layout=grid&type=item&tracking_id=4ece1355-508b-4743-82d6-8155ae7277e3;  ;./data/output/imagens/D_NQ_NP_688726-MLB44276760504_122020-O.webp;./data/output/imagens/yH5BAEAAAAALAAAAAABAAEAAAIBRAA7;./data/output/imagens/yH5BAEAAAAALAAAAAABAAEAAAIBRAA7;./data/output/imagens/yH5BAEAAAAALAAAAAABAAEAAAIBRAA7 ; 
Acessórios para Veículos > Peças de Motos e Quadriciclos > Chassis > Amortecedores > Traseira; Amortecedor Traseiro Cg 150 Sport 2005 Original Cofap Par; 249; 16; https://produto.mercadolivre.com.br/MLB-1691534234-amortecedor-traseiro-cg-150-sport-2005-original-cofap-par-_JM#position=2&search_layout=grid&type=item&tracking_id=4ece1355-508b-4743-82d6-8155ae7277e3;  ;./data/output/imagens/D_NQ_NP_862069-MLB43838247452_102020-O.webp ; 
Acessórios para Veículos > Peças de Motos e Quadriciclos > Chassis > Amortecedores > Traseira; Amortecedor Traseiro Bros 150 2004 Prolink Cofap Original; 499; 6; https://produto.mercadolivre.com.br/MLB-1275422272-amortecedor-traseiro-bros-150-2004-prolink-cofap-original-_JM#position=3&search_layout=grid&type=item&tracking_id=4ece1355-508b-4743-82d6-8155ae7277e3;  ;./data/output/imagens/D_NQ_NP_947456-MLB42395931818_062020-O.webp;./data/output/imagens/yH5BAEAAAAALAAAAAABAAEAAAIBRAA7;./data/output/imagens/yH5BAEAAAAALAAAAAABAAEAAAIBRAA7;./data/output/imagens/yH5BAEAAAAALAAAAAABAAEAAAIBRAA7 ; 
Acessórios para Veículos > Peças de Motos e Quadriciclos > Chassis > Amortecedores > Traseira; Amortecedor Traseiro Bros 150 2005 Prolink Cofap Original; 497; 6; https://produto.mercadolivre.com.br/MLB-1275427889-amortecedor-traseiro-bros-150-2005-prolink-cofap-original-_JM#position=4&search_layout=grid&type=item&tracking_id=4ece1355-508b-4743-82d6-8155ae7277e3;  ;./data/output/imagens/D_NQ_NP_666622-MLB42395810454_062020-O.webp;./data/output/imagens/yH5BAEAAAAALAAAAAABAAEAAAIBRAA7;./data/output/imagens/yH5BAEAAAAALAAAAAABAAEAAAIBRAA7;./data/output/imagens/yH5BAEAAAAALAAAAAABAAEAAAIBRAA7 ; 
Acessórios para Veículos > Peças de Motos e Quadriciclos > Chassis > Amortecedores > Traseira; Par Amortecedor Traseiro Titan 150 Esd 2004 2005 2006 Cofap; 248; 4; https://produto.mercadolivre.com.br/MLB-1344282528-par-amortecedor-traseiro-titan-150-esd-2004-2005-2006-cofap-_JM#position=5&search_layout=grid&type=item&tracking_id=4ece1355-508b-4743-82d6-8155ae7277e3;  ;./data/output/imagens/D_NQ_NP_664809-MLB32580953453_102019-O.webp;./data/output/imagens/yH5BAEAAAAALAAAAAABAAEAAAIBRAA7;./data/output/imagens/yH5BAEAAAAALAAAAAABAAEAAAIBRAA7 ; 
Acessórios para Veículos > Peças de Motos e Quadriciclos > Chassis > Amortecedores > Traseira; Par Amortecedor Honda Cg Titan Fan 150 2009 Original Cofap; 230; 4; https://produto.mercadolivre.com.br/MLB-1572007895-par-amortecedor-honda-cg-titan-fan-150-2009-original-cofap-_JM#position=6&search_layout=grid&type=item&tracking_id=4ece1355-508b-4743-82d6-8155ae7277e3;  ;./data/output/imagens/D_NQ_NP_642902-MLB42349979181_062020-O.webp;./data/output/imagens/yH5BAEAAAAALAAAAAABAAEAAAIBRAA7;./data/output/imagens/yH5BAEAAAAALAAAAAABAAEAAAIBRAA7;./data/output/imagens/yH5BAEAAAAALAAAAAABAAEAAAIBRAA7 ; 
Acessórios para Veículos > Peças de Motos e Quadriciclos > Chassis > Amortecedores > Traseira; Par Amortecedores Suzuki Gsr 150 I 2012-14 Cofap; 1.449; 8; https://produto.mercadolivre.com.br/MLB-913394606-par-amortecedores-suzuki-gsr-150-i-2012-14-cofap-_JM#position=7&search_layout=grid&type=item&tracking_id=4ece1355-508b-4743-82d6-8155ae7277e3;  ;./data/output/imagens/D_NQ_NP_622050-MLB25699093546_062017-O.webp;./data/output/imagens/yH5BAEAAAAALAAAAAABAAEAAAIBRAA7 ; 
Acessórios para Veículos > Peças de Motos e Quadriciclos > Chassis > Amortecedores; Amortecedor Cofap Honda Cg Titan 150 Mix 2010 Par Original; 206; 13; https://produto.mercadolivre.com.br/MLB-1827993784-amortecedor-cofap-honda-cg-titan-150-mix-2010-par-original-_JM#position=8&search_layout=grid&type=item&tracking_id=4ece1355-508b-4743-82d6-8155ae7277e3;  ;./data/output/imagens/D_NQ_NP_661790-MLB45865205533_052021-O.webp;./data/output/imagens/yH5BAEAAAAALAAAAAABAAEAAAIBRAA7 ; 
Acessórios para Veículos > Peças de Motos e Quadriciclos > Chassis > Amortecedores > Traseira; Par Amortecedor Traseiro Cg Titan 150 2008 Cofap Original; 232; 12; https://produto.mercadolivre.com.br/MLB-1835306069-par-amortecedor-traseiro-cg-titan-150-2008-cofap-original-_JM#position=9&search_layout=grid&type=item&tracking_id=4ece1355-508b-4743-82d6-8155ae7277e3;  ;./data/output/imagens/D_NQ_NP_807210-MLB45336589872_032021-O.webp;./data/output/imagens/yH5BAEAAAAALAAAAAABAAEAAAIBRAA7;./data/output/imagens/yH5BAEAAAAALAAAAAABAAEAAAIBRAA7;./data/output/imagens/yH5BAEAAAAALAAAAAABAAEAAAIBRAA7 ; 
Acessórios para Veículos > Peças de Motos e Quadriciclos > Chassis > Amortecedores > Traseira; Par Amortecedor Traseiro Titan 150 Ks 2007 2008 2009 Cofap; 214; 5; https://produto.mercadolivre.com.br/MLB-1811316189-par-amortecedor-traseiro-titan-150-ks-2007-2008-2009-cofap-_JM#position=10&search_layout=grid&type=item&tracking_id=4ece1355-508b-4743-82d6-8155ae7277e3;  ;./data/output/imagens/D_NQ_NP_997945-MLB45043749377_032021-O.webp;./data/output/imagens/yH5BAEAAAAALAAAAAABAAEAAAIBRAA7;./data/output/imagens/yH5BAEAAAAALAAAAAABAAEAAAIBRAA7 ; 
Acessórios para Veículos > Peças de Motos e Quadriciclos > Chassis > Amortecedores > Traseira; Amortecedor Cofap Cg150 Cr22540m; 213; 27; https://produto.mercadolivre.com.br/MLB-1316166682-amortecedor-cofap-cg150-cr22540m-_JM#position=11&search_layout=grid&type=item&tracking_id=4ece1355-508b-4743-82d6-8155ae7277e3;  ;./data/output/imagens/D_NQ_NP_916573-MLB42517253389_072020-O.webp;./data/output/imagens/yH5BAEAAAAALAAAAAABAAEAAAIBRAA7;./data/output/imagens/yH5BAEAAAAALAAAAAABAAEAAAIBRAA7;./data/output/imagens/yH5BAEAAAAALAAAAAABAAEAAAIBRAA7;./data/output/imagens/yH5BAEAAAAALAAAAAABAAEAAAIBRAA7 ; 
Acessórios para Veículos > Peças de Motos e Quadriciclos > Chassis > Amortecedores > Traseira; Par Amortecedor Cofap Cg Titan 150 2004 2005 2006 2007 2008; 206; 23; https://produto.mercadolivre.com.br/MLB-1829023256-par-amortecedor-cofap-cg-titan-150-2004-2005-2006-2007-2008-_JM#position=12&search_layout=grid&type=item&tracking_id=4ece1355-508b-4743-82d6-8155ae7277e3;  ;./data/output/imagens/D_NQ_NP_845153-MLB45865273763_052021-O.webp;./data/output/imagens/yH5BAEAAAAALAAAAAABAAEAAAIBRAA7;./data/output/imagens/yH5BAEAAAAALAAAAAABAAEAAAIBRAA7;./data/output/imagens/yH5BAEAAAAALAAAAAABAAEAAAIBRAA7;./data/output/imagens/yH5BAEAAAAALAAAAAABAAEAAAIBRAA7 ; 
Acessórios para Veículos > Peças de Motos e Quadriciclos > Chassis > Amortecedores; Amortecedor Cofap Honda Cg Titan 150 2006 Par Original; 206; 5; https://produto.mercadolivre.com.br/MLB-1828001185-amortecedor-cofap-honda-cg-titan-150-2006-par-original-_JM#position=13&search_layout=grid&type=item&tracking_id=4ece1355-508b-4743-82d6-8155ae7277e3;  ;./data/output/imagens/D_NQ_NP_660111-MLB45865205000_052021-O.webp;./data/output/imagens/yH5BAEAAAAALAAAAAABAAEAAAIBRAA7;./data/output/imagens/yH5BAEAAAAALAAAAAABAAEAAAIBRAA7 ; 
Acessórios para Veículos > Peças de Motos e Quadriciclos > Chassis > Amortecedores > Traseira; Amortecedor Traseiro Bros 150 2014 Pro-link Cofap Original; 497; 19; https://produto.mercadolivre.com.br/MLB-1275421479-amortecedor-traseiro-bros-150-2014-pro-link-cofap-original-_JM#position=14&search_layout=grid&type=item&tracking_id=4ece1355-508b-4743-82d6-8155ae7277e3;  ;./data/output/imagens/D_NQ_NP_976640-MLB42395977469_062020-O.webp;./data/output/imagens/yH5BAEAAAAALAAAAAABAAEAAAIBRAA7;./data/output/imagens/yH5BAEAAAAALAAAAAABAAEAAAIBRAA7;./data/output/imagens/yH5BAEAAAAALAAAAAABAAEAAAIBRAA7 ; 
Acessórios para Veículos > Peças de Motos e Quadriciclos > Chassis > Amortecedores > Traseira; Amortecedor Traseiro Original Honda Bros 150 2010; 539; 8; https://produto.mercadolivre.com.br/MLB-1644862175-amortecedor-traseiro-original-honda-bros-150-2010-_JM#position=15&search_layout=grid&type=item&tracking_id=4ece1355-508b-4743-82d6-8155ae7277e3;  ;./data/output/imagens/D_NQ_NP_973070-MLB31183889116_062019-O.webp;./data/output/imagens/yH5BAEAAAAALAAAAAABAAEAAAIBRAA7;./data/output/imagens/yH5BAEAAAAALAAAAAABAAEAAAIBRAA7;./data/output/imagens/yH5BAEAAAAALAAAAAABAAEAAAIBRAA7 ; 
Acessórios para Veículos > Peças de Motos e Quadriciclos > Chassis > Amortecedores > Traseira; Amortecedor Original Cofap Honda Bros 150 2013; 539; 9; https://produto.mercadolivre.com.br/MLB-1643759621-amortecedor-original-cofap-honda-bros-150-2013-_JM#position=16&search_layout=grid&type=item&tracking_id=4ece1355-508b-4743-82d6-8155ae7277e3;  ;./data/output/imagens/D_NQ_NP_835167-MLB31184102861_062019-O.webp;./data/output/imagens/yH5BAEAAAAALAAAAAABAAEAAAIBRAA7;./data/output/imagens/yH5BAEAAAAALAAAAAABAAEAAAIBRAA7;./data/output/imagens/yH5BAEAAAAALAAAAAABAAEAAAIBRAA7;./data/output/imagens/yH5BAEAAAAALAAAAAABAAEAAAIBRAA7 ; 
Acessórios para Veículos > Peças de Motos e Quadriciclos > Chassis > Amortecedores > Traseira; Amortecedor Central Traseiro Bros 150 2006 Original Cofap; 594; 6; https://produto.mercadolivre.com.br/MLB-1391085503-amortecedor-central-traseiro-bros-150-2006-original-cofap-_JM#position=17&search_layout=grid&type=item&tracking_id=4ece1355-508b-4743-82d6-8155ae7277e3;  ;./data/output/imagens/D_NQ_NP_853102-MLB40168513367_122019-O.webp;./data/output/imagens/yH5BAEAAAAALAAAAAABAAEAAAIBRAA7;./data/output/imagens/yH5BAEAAAAALAAAAAABAAEAAAIBRAA7;./data/output/imagens/yH5BAEAAAAALAAAAAABAAEAAAIBRAA7 ; 
Acessórios para Veículos > Peças de Motos e Quadriciclos > Chassis > Amortecedores > Traseira; Amortecedor Central Traseiro Bros 150 2006  Cofap Original; 590; 1; https://produto.mercadolivre.com.br/MLB-1391094269-amortecedor-central-traseiro-bros-150-2006-cofap-original-_JM#position=18&search_layout=grid&type=item&tracking_id=4ece1355-508b-4743-82d6-8155ae7277e3;  ;./data/output/imagens/D_NQ_NP_952196-MLB40168760930_122019-O.webp;./data/output/imagens/yH5BAEAAAAALAAAAAABAAEAAAIBRAA7;./data/output/imagens/yH5BAEAAAAALAAAAAABAAEAAAIBRAA7;./data/output/imagens/yH5BAEAAAAALAAAAAABAAEAAAIBRAA7 ; 
Acessórios para Veículos > Peças de Motos e Quadriciclos > Chassis > Amortecedores > Traseira; Amortecedor Central Bros 150 2006 2007 2008 Original Cofap; 540; 5; https://produto.mercadolivre.com.br/MLB-1835308936-amortecedor-central-bros-150-2006-2007-2008-original-cofap-_JM#position=19&search_layout=grid&type=item&tracking_id=4ece1355-508b-4743-82d6-8155ae7277e3;  ;./data/output/imagens/D_NQ_NP_688917-MLB45336594236_032021-O.webp;./data/output/imagens/yH5BAEAAAAALAAAAAABAAEAAAIBRAA7;./data/output/imagens/yH5BAEAAAAALAAAAAABAAEAAAIBRAA7;./data/output/imagens/yH5BAEAAAAALAAAAAABAAEAAAIBRAA7 ; 
Acessórios para Veículos > Peças de Motos e Quadriciclos > Chassis > Amortecedores > Traseira; Par De Amortecedor Traseiro Titan 150 Fan 150 Fan 125 2009; 224; 7; https://produto.mercadolivre.com.br/MLB-1519296163-par-de-amortecedor-traseiro-titan-150-fan-150-fan-125-2009-_JM#position=20&search_layout=grid&type=item&tracking_id=4ece1355-508b-4743-82d6-8155ae7277e3;  ;./data/output/imagens/D_NQ_NP_755434-MLB44017114098_112020-O.webp;./data/output/imagens/yH5BAEAAAAALAAAAAABAAEAAAIBRAA7;./data/output/imagens/yH5BAEAAAAALAAAAAABAAEAAAIBRAA7;./data/output/imagens/yH5BAEAAAAALAAAAAABAAEAAAIBRAA7 ; 
Acessórios para Veículos > Peças de Motos e Quadriciclos > Chassis > Amortecedores > Traseira; Amortecedor Bros 125/bros 150 Ate 2005 Pro Link Cofap 41004; 522; 1; https://produto.mercadolivre.com.br/MLB-1405207540-amortecedor-bros-125bros-150-ate-2005-pro-link-cofap-41004-_JM#position=21&search_layout=grid&type=item&tracking_id=4ece1355-508b-4743-82d6-8155ae7277e3;  ;./data/output/imagens/D_NQ_NP_603182-MLB41223251033_032020-O.webp;./data/output/imagens/yH5BAEAAAAALAAAAAABAAEAAAIBRAA7;./data/output/imagens/yH5BAEAAAAALAAAAAABAAEAAAIBRAA7 ; 
Acessórios para Veículos > Peças de Motos e Quadriciclos > Chassis > Amortecedores > Traseira; Amortecedor Original Cofap Nxr Bros 160 150 Xre 190 Pró Link; 437; 23; https://produto.mercadolivre.com.br/MLB-1945409795-amortecedor-original-cofap-nxr-bros-160-150-xre-190-pro-link-_JM#position=22&search_layout=grid&type=item&tracking_id=4ece1355-508b-4743-82d6-8155ae7277e3;  ;./data/output/imagens/D_NQ_NP_967083-MLB46175696770_052021-O.webp;./data/output/imagens/yH5BAEAAAAALAAAAAABAAEAAAIBRAA7;./data/output/imagens/yH5BAEAAAAALAAAAAABAAEAAAIBRAA7 ; 
Acessórios para Veículos > Peças de Motos e Quadriciclos > Chassis > Amortecedores > Traseira; Par Amortecedor Traseiro Titan 150 Esd 2004 2006 2005 Cofap; 248; 4; https://produto.mercadolivre.com.br/MLB-1700610255-par-amortecedor-traseiro-titan-150-esd-2004-2006-2005-cofap-_JM#position=23&search_layout=grid&type=item&tracking_id=4ece1355-508b-4743-82d6-8155ae7277e3;  ;./data/output/imagens/D_NQ_NP_777339-MLB43962073954_102020-O.webp;./data/output/imagens/yH5BAEAAAAALAAAAAABAAEAAAIBRAA7;./data/output/imagens/yH5BAEAAAAALAAAAAABAAEAAAIBRAA7 ; 
Acessórios para Veículos > Peças de Motos e Quadriciclos > Chassis > Amortecedores > Traseira; Amortecedor Traseiro Cg 150 Mix 2013 Original Cofap Par; 249; 3; https://produto.mercadolivre.com.br/MLB-1691534238-amortecedor-traseiro-cg-150-mix-2013-original-cofap-par-_JM#position=24&search_layout=grid&type=item&tracking_id=4ece1355-508b-4743-82d6-8155ae7277e3;  ;./data/output/imagens/D_NQ_NP_746643-MLB43838247461_102020-O.webp ; 
Acessórios para Veículos > Peças de Motos e Quadriciclos > Chassis > Amortecedores > Traseira; Amortecedor Traseiro Prolink Monoshock Bros 150 2015 Cofap; 484; 1; https://produto.mercadolivre.com.br/MLB-1831432695-amortecedor-traseiro-prolink-monoshock-bros-150-2015-cofap-_JM#position=25&search_layout=grid&type=item&tracking_id=4ece1355-508b-4743-82d6-8155ae7277e3;  ;./data/output/imagens/D_NQ_NP_600220-MLB45444823799_042021-O.webp;./data/output/imagens/yH5BAEAAAAALAAAAAABAAEAAAIBRAA7;./data/output/imagens/yH5BAEAAAAALAAAAAABAAEAAAIBRAA7 ; 
Acessórios para Veículos > Peças de Motos e Quadriciclos > Chassis > Amortecedores > Traseira; Amortecedor Par Honda Titan/fan/cg 150 Todas Cofap 22540 Hnd; 196; 5; https://produto.mercadolivre.com.br/MLB-1871186186-amortecedor-par-honda-titanfancg-150-todas-cofap-22540-hnd-_JM#position=26&search_layout=grid&type=item&tracking_id=4ece1355-508b-4743-82d6-8155ae7277e3;  ;./data/output/imagens/D_NQ_NP_711085-MLB31907806077_082019-O.webp;./data/output/imagens/yH5BAEAAAAALAAAAAABAAEAAAIBRAA7 ; 
Acessórios para Veículos > Peças de Motos e Quadriciclos > Chassis > Amortecedores > Traseira; Amortecedor Central Bros 150 2012 2013 2014 Original Cofap; 592; 41; https://produto.mercadolivre.com.br/MLB-1391081575-amortecedor-central-bros-150-2012-2013-2014-original-cofap-_JM#position=27&search_layout=grid&type=item&tracking_id=4ece1355-508b-4743-82d6-8155ae7277e3;  ;./data/output/imagens/D_NQ_NP_818944-MLB40220339398_122019-O.webp;./data/output/imagens/yH5BAEAAAAALAAAAAABAAEAAAIBRAA7;./data/output/imagens/yH5BAEAAAAALAAAAAABAAEAAAIBRAA7;./data/output/imagens/yH5BAEAAAAALAAAAAABAAEAAAIBRAA7;./data/output/imagens/yH5BAEAAAAALAAAAAABAAEAAAIBRAA7 ; 
Acessórios para Veículos > Peças de Motos e Quadriciclos > Chassis > Amortecedores > Dianteira; Amortecedor Central Bros 150 2009 2010 2011 Cofap Original; 463; 6; https://produto.mercadolivre.com.br/MLB-1931757140-amortecedor-central-bros-150-2009-2010-2011-cofap-original-_JM#position=28&search_layout=grid&type=item&tracking_id=4ece1355-508b-4743-82d6-8155ae7277e3;  ;./data/output/imagens/D_NQ_NP_996689-MLB46552637305_062021-O.webp;./data/output/imagens/yH5BAEAAAAALAAAAAABAAEAAAIBRAA7;./data/output/imagens/yH5BAEAAAAALAAAAAABAAEAAAIBRAA7;./data/output/imagens/yH5BAEAAAAALAAAAAABAAEAAAIBRAA7 ; 
Acessórios para Veículos > Peças de Motos e Quadriciclos > Chassis > Amortecedores > Traseira; Amortecedor Pro Link Xre190 Bros 125 150 160 Cofap; 584; 8; https://produto.mercadolivre.com.br/MLB-1260559481-amortecedor-pro-link-xre190-bros-125-150-160-cofap-_JM#position=29&search_layout=grid&type=item&tracking_id=4ece1355-508b-4743-82d6-8155ae7277e3;  ;./data/output/imagens/D_NQ_NP_916377-MLB31240835107_062019-O.webp;./data/output/imagens/yH5BAEAAAAALAAAAAABAAEAAAIBRAA7;./data/output/imagens/yH5BAEAAAAALAAAAAABAAEAAAIBRAA7;./data/output/imagens/yH5BAEAAAAALAAAAAABAAEAAAIBRAA7;./data/output/imagens/yH5BAEAAAAALAAAAAABAAEAAAIBRAA7 ; 
Acessórios para Veículos > Peças de Motos e Quadriciclos > Chassis > Amortecedores > Traseira; Amortecedor Pro Link Prolink Bros 150 2013 Original Cofap; 590; 1; https://produto.mercadolivre.com.br/MLB-1391098342-amortecedor-pro-link-prolink-bros-150-2013-original-cofap-_JM#position=30&search_layout=grid&type=item&tracking_id=4ece1355-508b-4743-82d6-8155ae7277e3;  ;./data/output/imagens/D_NQ_NP_648447-MLB40168754588_122019-O.webp;./data/output/imagens/yH5BAEAAAAALAAAAAABAAEAAAIBRAA7;./data/output/imagens/yH5BAEAAAAALAAAAAABAAEAAAIBRAA7;./data/output/imagens/yH5BAEAAAAALAAAAAABAAEAAAIBRAA7 ; 
Acessórios para Veículos > Peças de Motos e Quadriciclos > Chassis > Amortecedores > Traseira; Amortecedor Cg Titan 150 Titan150 2008 Original Par Cofap; 249; 137; https://produto.mercadolivre.com.br/MLB-1476910705-amortecedor-cg-titan-150-titan150-2008-original-par-cofap-_JM#position=31&search_layout=grid&type=item&tracking_id=4ece1355-508b-4743-82d6-8155ae7277e3;  ;./data/output/imagens/D_NQ_NP_698831-MLB41220031923_032020-O.webp;./data/output/imagens/yH5BAEAAAAALAAAAAABAAEAAAIBRAA7 ; 
Acessórios para Veículos > Peças de Motos e Quadriciclos > Chassis > Amortecedores > Traseira; Amortecedor Par Honda Titan 150 Ks 2008 Original; 218; 7; https://produto.mercadolivre.com.br/MLB-1817539006-amortecedor-par-honda-titan-150-ks-2008-original-_JM#position=32&search_layout=grid&type=item&tracking_id=4ece1355-508b-4743-82d6-8155ae7277e3;  ;./data/output/imagens/D_NQ_NP_742003-MLB45133289423_032021-O.webp;./data/output/imagens/yH5BAEAAAAALAAAAAABAAEAAAIBRAA7;./data/output/imagens/yH5BAEAAAAALAAAAAABAAEAAAIBRAA7 ; 
Acessórios para Veículos > Peças de Motos e Quadriciclos > Chassis > Amortecedores > Traseira; Par Amortecedor Cg Titan Fan 150 2009 2010 Cofap Original; 219; 18; https://produto.mercadolivre.com.br/MLB-1572004172-par-amortecedor-cg-titan-fan-150-2009-2010-cofap-original-_JM#position=33&search_layout=grid&type=item&tracking_id=4ece1355-508b-4743-82d6-8155ae7277e3;  ;./data/output/imagens/D_NQ_NP_613527-MLB42349855828_062020-O.webp;./data/output/imagens/yH5BAEAAAAALAAAAAABAAEAAAIBRAA7;./data/output/imagens/yH5BAEAAAAALAAAAAABAAEAAAIBRAA7;./data/output/imagens/yH5BAEAAAAALAAAAAABAAEAAAIBRAA7 ; 
Acessórios para Veículos > Peças de Motos e Quadriciclos > Chassis > Amortecedores > Traseira; Amortecedor Traseiro Bros 150 2006 2007 2008 Original Cofap; 590; 14; https://produto.mercadolivre.com.br/MLB-1391077342-amortecedor-traseiro-bros-150-2006-2007-2008-original-cofap-_JM#position=34&search_layout=grid&type=item&tracking_id=4ece1355-508b-4743-82d6-8155ae7277e3;  ;./data/output/imagens/D_NQ_NP_815123-MLB40220316421_122019-O.webp;./data/output/imagens/yH5BAEAAAAALAAAAAABAAEAAAIBRAA7;./data/output/imagens/yH5BAEAAAAALAAAAAABAAEAAAIBRAA7;./data/output/imagens/yH5BAEAAAAALAAAAAABAAEAAAIBRAA7;./data/output/imagens/yH5BAEAAAAALAAAAAABAAEAAAIBRAA7 ; 
Acessórios para Veículos > Peças de Motos e Quadriciclos > Chassis > Amortecedores > Traseira; Amortecedor Cofap Cg150 Titan/fan(par) + Relação Cofap Cg150; 312; 10; https://produto.mercadolivre.com.br/MLB-1467421837-amortecedor-cofap-cg150-titanfanpar-relaco-cofap-cg150-_JM#position=35&search_layout=grid&type=item&tracking_id=4ece1355-508b-4743-82d6-8155ae7277e3;  ;./data/output/imagens/D_NQ_NP_674566-MLB41106101685_032020-O.webp;./data/output/imagens/yH5BAEAAAAALAAAAAABAAEAAAIBRAA7;./data/output/imagens/yH5BAEAAAAALAAAAAABAAEAAAIBRAA7;./data/output/imagens/yH5BAEAAAAALAAAAAABAAEAAAIBRAA7;./data/output/imagens/yH5BAEAAAAALAAAAAABAAEAAAIBRAA7;./data/output/imagens/yH5BAEAAAAALAAAAAABAAEAAAIBRAA7 ; 
Acessórios para Veículos > Peças de Motos e Quadriciclos > Chassis > Amortecedores > Traseira; Par Amortecedor Cg Titan Fan 150 2012 2013 Original Cofap; 220; 48; https://produto.mercadolivre.com.br/MLB-1572007107-par-amortecedor-cg-titan-fan-150-2012-2013-original-cofap-_JM#position=36&search_layout=grid&type=item&tracking_id=4ece1355-508b-4743-82d6-8155ae7277e3;  ;./data/output/imagens/D_NQ_NP_858453-MLB42349949485_062020-O.webp;./data/output/imagens/yH5BAEAAAAALAAAAAABAAEAAAIBRAA7;./data/output/imagens/yH5BAEAAAAALAAAAAABAAEAAAIBRAA7;./data/output/imagens/yH5BAEAAAAALAAAAAABAAEAAAIBRAA7 ; 
Acessórios para Veículos > Peças de Motos e Quadriciclos > Chassis > Amortecedores > Traseira; Amortecedor Cofap Bros 125/150/160 Todas Original Pró Link; 497; 13; https://produto.mercadolivre.com.br/MLB-1617988781-amortecedor-cofap-bros-125150160-todas-original-pro-link-_JM#position=37&search_layout=grid&type=item&tracking_id=4ece1355-508b-4743-82d6-8155ae7277e3;  ;./data/output/imagens/D_NQ_NP_656897-MLB45814832674_052021-O.webp;./data/output/imagens/yH5BAEAAAAALAAAAAABAAEAAAIBRAA7;./data/output/imagens/yH5BAEAAAAALAAAAAABAAEAAAIBRAA7;./data/output/imagens/yH5BAEAAAAALAAAAAABAAEAAAIBRAA7;./data/output/imagens/yH5BAEAAAAALAAAAAABAAEAAAIBRAA7;./data/output/imagens/yH5BAEAAAAALAAAAAABAAEAAAIBRAA7;./data/output/imagens/yH5BAEAAAAALAAAAAABAAEAAAIBRAA7 ; 
Acessórios para Veículos > Peças de Motos e Quadriciclos > Chassis > Amortecedores > Traseira; Par Amortecedor Cg Fan 150 Titan 150 2010 Original Cofap Mix; 216; 15; https://produto.mercadolivre.com.br/MLB-1835312521-par-amortecedor-cg-fan-150-titan-150-2010-original-cofap-mix-_JM#position=38&search_layout=grid&type=item&tracking_id=4ece1355-508b-4743-82d6-8155ae7277e3;  ;./data/output/imagens/D_NQ_NP_779226-MLB45336610448_032021-O.webp;./data/output/imagens/yH5BAEAAAAALAAAAAABAAEAAAIBRAA7;./data/output/imagens/yH5BAEAAAAALAAAAAABAAEAAAIBRAA7;./data/output/imagens/yH5BAEAAAAALAAAAAABAAEAAAIBRAA7 ; 
Acessórios para Veículos > Peças de Motos e Quadriciclos > Chassis > Amortecedores > Traseira; Amortecedor Cr22540m Honda Cg Titan 150 C Regul  Cofap Par; 207; 6; https://produto.mercadolivre.com.br/MLB-1337843758-amortecedor-cr22540m-honda-cg-titan-150-c-regul-cofap-par-_JM#position=39&search_layout=grid&type=item&tracking_id=4ece1355-508b-4743-82d6-8155ae7277e3;  ;./data/output/imagens/D_NQ_NP_881164-MLB42517260703_072020-O.webp;./data/output/imagens/yH5BAEAAAAALAAAAAABAAEAAAIBRAA7;./data/output/imagens/yH5BAEAAAAALAAAAAABAAEAAAIBRAA7;./data/output/imagens/yH5BAEAAAAALAAAAAABAAEAAAIBRAA7;./data/output/imagens/yH5BAEAAAAALAAAAAABAAEAAAIBRAA7 ; 
Acessórios para Veículos > Peças de Motos e Quadriciclos > Chassis > Amortecedores > Traseira; Amortecedor Pro Link Prolink Bros 150 2006 Original Cofap; 591; 1; https://produto.mercadolivre.com.br/MLB-1391094177-amortecedor-pro-link-prolink-bros-150-2006-original-cofap-_JM#position=40&search_layout=grid&type=item&tracking_id=4ece1355-508b-4743-82d6-8155ae7277e3;  ;./data/output/imagens/D_NQ_NP_817032-MLB40168753735_122019-O.webp;./data/output/imagens/yH5BAEAAAAALAAAAAABAAEAAAIBRAA7;./data/output/imagens/yH5BAEAAAAALAAAAAABAAEAAAIBRAA7;./data/output/imagens/yH5BAEAAAAALAAAAAABAAEAAAIBRAA7 ; 
Acessórios para Veículos > Peças de Motos e Quadriciclos > Chassis > Amortecedores; Amortecedor Cg Fan 150 Fan150 2010 Mix Original Par Cofap; 206; 4; https://produto.mercadolivre.com.br/MLB-1827993768-amortecedor-cg-fan-150-fan150-2010-mix-original-par-cofap-_JM#position=41&search_layout=grid&type=item&tracking_id=4ece1355-508b-4743-82d6-8155ae7277e3;  ;./data/output/imagens/D_NQ_NP_787823-MLB45865205381_052021-O.webp;./data/output/imagens/yH5BAEAAAAALAAAAAABAAEAAAIBRAA7;./data/output/imagens/yH5BAEAAAAALAAAAAABAAEAAAIBRAA7;./data/output/imagens/yH5BAEAAAAALAAAAAABAAEAAAIBRAA7;./data/output/imagens/yH5BAEAAAAALAAAAAABAAEAAAIBRAA7 ; 
Acessórios para Veículos > Peças de Motos e Quadriciclos > Chassis > Amortecedores > Traseira; Par Amortecedor Cg Titan Fan 150 2004 2005 Original Cofap; 230; 9; https://produto.mercadolivre.com.br/MLB-1572010628-par-amortecedor-cg-titan-fan-150-2004-2005-original-cofap-_JM#position=42&search_layout=grid&type=item&tracking_id=4ece1355-508b-4743-82d6-8155ae7277e3;  ;./data/output/imagens/D_NQ_NP_747339-MLB42349956110_062020-O.webp;./data/output/imagens/yH5BAEAAAAALAAAAAABAAEAAAIBRAA7;./data/output/imagens/yH5BAEAAAAALAAAAAABAAEAAAIBRAA7;./data/output/imagens/yH5BAEAAAAALAAAAAABAAEAAAIBRAA7 ; 
Acessórios para Veículos > Peças de Motos e Quadriciclos > Chassis > Amortecedores > Traseira; Amortecedor Traseiro Bros 150 2010 Pro-link Cofap Original; 497; 2; https://produto.mercadolivre.com.br/MLB-1808502206-amortecedor-traseiro-bros-150-2010-pro-link-cofap-original-_JM#position=43&search_layout=grid&type=item&tracking_id=4ece1355-508b-4743-82d6-8155ae7277e3;  ;./data/output/imagens/D_NQ_NP_695049-MLB45018721350_022021-O.webp;./data/output/imagens/yH5BAEAAAAALAAAAAABAAEAAAIBRAA7 ; 
Acessórios para Veículos > Peças de Motos e Quadriciclos > Chassis > Amortecedores > Traseira; Par Amortecedor Traseiro Titan 150 Sport 2008 Origina Cofap; 216; 15; https://produto.mercadolivre.com.br/MLB-1835309379-par-amortecedor-traseiro-titan-150-sport-2008-origina-cofap-_JM#position=44&search_layout=grid&type=item&tracking_id=4ece1355-508b-4743-82d6-8155ae7277e3;  ;./data/output/imagens/D_NQ_NP_848569-MLB45336618308_032021-O.webp;./data/output/imagens/yH5BAEAAAAALAAAAAABAAEAAAIBRAA7;./data/output/imagens/yH5BAEAAAAALAAAAAABAAEAAAIBRAA7;./data/output/imagens/yH5BAEAAAAALAAAAAABAAEAAAIBRAA7 ; 
Acessórios para Veículos > Peças de Motos e Quadriciclos > Chassis > Amortecedores > Traseira; Amortecedor Cofap Cg150 Cr22540m; 219; 2; https://produto.mercadolivre.com.br/MLB-1438567945-amortecedor-cofap-cg150-cr22540m-_JM#position=45&search_layout=grid&type=item&tracking_id=4ece1355-508b-4743-82d6-8155ae7277e3;  ;./data/output/imagens/D_NQ_NP_639045-MLB42517264778_072020-O.webp;./data/output/imagens/yH5BAEAAAAALAAAAAABAAEAAAIBRAA7;./data/output/imagens/yH5BAEAAAAALAAAAAABAAEAAAIBRAA7;./data/output/imagens/yH5BAEAAAAALAAAAAABAAEAAAIBRAA7;./data/output/imagens/yH5BAEAAAAALAAAAAABAAEAAAIBRAA7 ; 
Acessórios para Veículos > Peças de Motos e Quadriciclos > Chassis > Amortecedores > Traseira; Amortecedor Traseiro Titan Eds 150 2011 2015  Cofap Original; 207; 3; https://produto.mercadolivre.com.br/MLB-1822873066-amortecedor-traseiro-titan-eds-150-2011-2015-cofap-original-_JM#position=46&search_layout=grid&type=item&tracking_id=4ece1355-508b-4743-82d6-8155ae7277e3;  ;./data/output/imagens/D_NQ_NP_876462-MLB45205889018_032021-O.webp;./data/output/imagens/yH5BAEAAAAALAAAAAABAAEAAAIBRAA7;./data/output/imagens/yH5BAEAAAAALAAAAAABAAEAAAIBRAA7 ; 
Acessórios para Veículos > Peças de Motos e Quadriciclos > Chassis > Amortecedores > Traseira; Amortecedor Traseiro Prolink Nxr Bros150 2013 Cofap Original; 494; 1; https://produto.mercadolivre.com.br/MLB-1736819673-amortecedor-traseiro-prolink-nxr-bros150-2013-cofap-original-_JM#position=47&search_layout=grid&type=item&tracking_id=4ece1355-508b-4743-82d6-8155ae7277e3;  ;./data/output/imagens/D_NQ_NP_688726-MLB44276760504_122020-O.webp;./data/output/imagens/yH5BAEAAAAALAAAAAABAAEAAAIBRAA7;./data/output/imagens/yH5BAEAAAAALAAAAAABAAEAAAIBRAA7;./data/output/imagens/yH5BAEAAAAALAAAAAABAAEAAAIBRAA7 ; 
Acessórios para Veículos > Peças de Motos e Quadriciclos > Chassis > Amortecedores > Traseira; Par Amortecedor Cg Fan 150 Titan 150 2010 Mix Original Cofap; 209; 8; https://produto.mercadolivre.com.br/MLB-1811281234-par-amortecedor-cg-fan-150-titan-150-2010-mix-original-cofap-_JM#position=48&search_layout=grid&type=item&tracking_id=4ece1355-508b-4743-82d6-8155ae7277e3;  ;./data/output/imagens/D_NQ_NP_687197-MLB45043617844_032021-O.webp;./data/output/imagens/yH5BAEAAAAALAAAAAABAAEAAAIBRAA7;./data/output/imagens/yH5BAEAAAAALAAAAAABAAEAAAIBRAA7;./data/output/imagens/yH5BAEAAAAALAAAAAABAAEAAAIBRAA7 ; 
Acessórios para Veículos > Peças de Motos e Quadriciclos > Chassis > Amortecedores > Traseira; Amortecedor Cg 150 Start Flexone Es 15/18 Original Cofap Par; 224; 3; https://produto.mercadolivre.com.br/MLB-1274587068-amortecedor-cg-150-start-flexone-es-1518-original-cofap-par-_JM#position=1&search_layout=grid&type=item&tracking_id=0ba95f81-160b-4067-ace3-a0f45b07296a;  ;./data/output/imagens/D_NQ_NP_857715-MLB43675029462_102020-O.webp;./data/output/imagens/yH5BAEAAAAALAAAAAABAAEAAAIBRAA7;./data/output/imagens/yH5BAEAAAAALAAAAAABAAEAAAIBRAA7;./data/output/imagens/yH5BAEAAAAALAAAAAABAAEAAAIBRAA7 ; 
Acessórios para Veículos > Peças de Motos e Quadriciclos > Chassis > Amortecedores > Traseira; Par Amortecedor Traseiro Cg 150 2012 2013 Cofap Original; 248; 2; https://produto.mercadolivre.com.br/MLB-1700625841-par-amortecedor-traseiro-cg-150-2012-2013-cofap-original-_JM#position=2&search_layout=grid&type=item&tracking_id=0ba95f81-160b-4067-ace3-a0f45b07296a;  ;./data/output/imagens/D_NQ_NP_703529-MLB43962326683_102020-O.webp;./data/output/imagens/yH5BAEAAAAALAAAAAABAAEAAAIBRAA7;./data/output/imagens/yH5BAEAAAAALAAAAAABAAEAAAIBRAA7 ; 
Acessórios para Veículos > Peças de Motos e Quadriciclos > Chassis > Amortecedores > Traseira; Amortecedor Traseiro Tit-150/cg-150 Com Regulagem Cofap Par; 318; 42; https://produto.mercadolivre.com.br/MLB-685804599-amortecedor-traseiro-tit-150cg-150-com-regulagem-cofap-par-_JM#position=3&search_layout=grid&type=item&tracking_id=0ba95f81-160b-4067-ace3-a0f45b07296a;  ;./data/output/imagens/D_NQ_NP_824729-MLB31126030298_062019-O.webp;./data/output/imagens/yH5BAEAAAAALAAAAAABAAEAAAIBRAA7 ; 
Acessórios para Veículos > Peças de Motos e Quadriciclos > Chassis > Amortecedores > Traseira; Par Amortecedor Traseiro Cg Titan 150 2007 Original Cofap; 199; 4; https://produto.mercadolivre.com.br/MLB-1910062113-par-amortecedor-traseiro-cg-titan-150-2007-original-cofap-_JM#position=4&search_layout=grid&type=item&tracking_id=0ba95f81-160b-4067-ace3-a0f45b07296a;  ;./data/output/imagens/D_NQ_NP_847886-MLB46323865938_062021-O.webp;./data/output/imagens/yH5BAEAAAAALAAAAAABAAEAAAIBRAA7;./data/output/imagens/yH5BAEAAAAALAAAAAABAAEAAAIBRAA7;./data/output/imagens/yH5BAEAAAAALAAAAAABAAEAAAIBRAA7 ; 
Acessórios para Veículos > Peças de Motos e Quadriciclos > Chassis > Amortecedores > Traseira; Par Amortecedor Honda Cg Titan Fan 150 2015 Original Cofap; 230; 7; https://produto.mercadolivre.com.br/MLB-1572007994-par-amortecedor-honda-cg-titan-fan-150-2015-original-cofap-_JM#position=5&search_layout=grid&type=item&tracking_id=0ba95f81-160b-4067-ace3-a0f45b07296a;  ;./data/output/imagens/D_NQ_NP_886907-MLB42349983105_062020-O.webp;./data/output/imagens/yH5BAEAAAAALAAAAAABAAEAAAIBRAA7;./data/output/imagens/yH5BAEAAAAALAAAAAABAAEAAAIBRAA7;./data/output/imagens/yH5BAEAAAAALAAAAAABAAEAAAIBRAA7 ; 
Acessórios para Veículos > Peças de Motos e Quadriciclos > Chassis > Amortecedores > Traseira; Par Amortecedor Cg Titan Fan 150 2012 2013 2014 2015 Cofap; 187; 7; https://produto.mercadolivre.com.br/MLB-1974571108-par-amortecedor-cg-titan-fan-150-2012-2013-2014-2015-cofap-_JM#position=6&search_layout=grid&type=item&tracking_id=0ba95f81-160b-4067-ace3-a0f45b07296a;  ;./data/output/imagens/D_NQ_NP_920819-MLB45336696002_032021-O.webp;./data/output/imagens/yH5BAEAAAAALAAAAAABAAEAAAIBRAA7;./data/output/imagens/yH5BAEAAAAALAAAAAABAAEAAAIBRAA7;./data/output/imagens/yH5BAEAAAAALAAAAAABAAEAAAIBRAA7 ; 
Acessórios para Veículos > Peças de Motos e Quadriciclos > Chassis > Amortecedores > Traseira; Amortecedor Honda Cg Titan 150 Fan Job Cofap Cr22540m Par; 214; 35; https://produto.mercadolivre.com.br/MLB-1010762080-amortecedor-honda-cg-titan-150-fan-job-cofap-cr22540m-par-_JM#position=7&search_layout=grid&type=item&tracking_id=0ba95f81-160b-4067-ace3-a0f45b07296a;  ;./data/output/imagens/D_NQ_NP_711161-MLB42517250996_072020-O.webp;./data/output/imagens/yH5BAEAAAAALAAAAAABAAEAAAIBRAA7;./data/output/imagens/yH5BAEAAAAALAAAAAABAAEAAAIBRAA7;./data/output/imagens/yH5BAEAAAAALAAAAAABAAEAAAIBRAA7;./data/output/imagens/yH5BAEAAAAALAAAAAABAAEAAAIBRAA7 ; 
Acessórios para Veículos > Peças de Motos e Quadriciclos > Chassis > Amortecedores > Traseira; Amortecedor Traseiro Prolink Nxr Bros150 2013 Cofap Original; 494; 1; https://produto.mercadolivre.com.br/MLB-1736819673-amortecedor-traseiro-prolink-nxr-bros150-2013-cofap-original-_JM#position=8&search_layout=grid&type=item&tracking_id=0ba95f81-160b-4067-ace3-a0f45b07296a;  ;./data/output/imagens/D_NQ_NP_688726-MLB44276760504_122020-O.webp;./data/output/imagens/yH5BAEAAAAALAAAAAABAAEAAAIBRAA7;./data/output/imagens/yH5BAEAAAAALAAAAAABAAEAAAIBRAA7;./data/output/imagens/yH5BAEAAAAALAAAAAABAAEAAAIBRAA7 ; 
Acessórios para Veículos > Peças de Motos e Quadriciclos > Chassis > Amortecedores > Traseira; Par Amortecedor Cofap + Relação Riffel Cg Titan Fan 150 2004; 324; 1; https://produto.mercadolivre.com.br/MLB-1478074095-par-amortecedor-cofap-relaco-riffel-cg-titan-fan-150-2004-_JM#position=9&search_layout=grid&type=item&tracking_id=0ba95f81-160b-4067-ace3-a0f45b07296a;  ;./data/output/imagens/D_NQ_NP_971522-MLB41232716488_032020-O.webp;./data/output/imagens/yH5BAEAAAAALAAAAAABAAEAAAIBRAA7;./data/output/imagens/yH5BAEAAAAALAAAAAABAAEAAAIBRAA7;./data/output/imagens/yH5BAEAAAAALAAAAAABAAEAAAIBRAA7 ; 
Acessórios para Veículos > Peças de Motos e Quadriciclos > Chassis > Amortecedores > Traseira; Par Amortecedor Traseiro Titan 150 Ks 2007 2008 2009 Cofap; 219; 7; https://produto.mercadolivre.com.br/MLB-1572001834-par-amortecedor-traseiro-titan-150-ks-2007-2008-2009-cofap-_JM#position=10&search_layout=grid&type=item&tracking_id=0ba95f81-160b-4067-ace3-a0f45b07296a;  ;./data/output/imagens/D_NQ_NP_957641-MLB42349901648_062020-O.webp;./data/output/imagens/yH5BAEAAAAALAAAAAABAAEAAAIBRAA7 ; 
Acessórios para Veículos > Peças de Motos e Quadriciclos > Chassis > Amortecedores > Traseira; Par Amortecedor Honda Cg Titan Fan 150 2010 Original Cofap; 219; 19; https://produto.mercadolivre.com.br/MLB-1572003779-par-amortecedor-honda-cg-titan-fan-150-2010-original-cofap-_JM#position=11&search_layout=grid&type=item&tracking_id=0ba95f81-160b-4067-ace3-a0f45b07296a;  ;./data/output/imagens/D_NQ_NP_802805-MLB42349974767_062020-O.webp;./data/output/imagens/yH5BAEAAAAALAAAAAABAAEAAAIBRAA7;./data/output/imagens/yH5BAEAAAAALAAAAAABAAEAAAIBRAA7;./data/output/imagens/yH5BAEAAAAALAAAAAABAAEAAAIBRAA7 ; 
Acessórios para Veículos > Peças de Motos e Quadriciclos > Chassis > Amortecedores > Traseira; Amortecedor Cofap Cr22540m Cg 150 Titan/fan/job 00 A 2014; 209; 4; https://produto.mercadolivre.com.br/MLB-1488933924-amortecedor-cofap-cr22540m-cg-150-titanfanjob-00-a-2014-_JM#position=12&search_layout=grid&type=item&tracking_id=0ba95f81-160b-4067-ace3-a0f45b07296a;  ;./data/output/imagens/D_NQ_NP_802387-MLB42517273501_072020-O.webp;./data/output/imagens/yH5BAEAAAAALAAAAAABAAEAAAIBRAA7;./data/output/imagens/yH5BAEAAAAALAAAAAABAAEAAAIBRAA7;./data/output/imagens/yH5BAEAAAAALAAAAAABAAEAAAIBRAA7;./data/output/imagens/yH5BAEAAAAALAAAAAABAAEAAAIBRAA7 ; 
Acessórios para Veículos > Peças de Motos e Quadriciclos > Chassis > Amortecedores > Traseira; Amortecedor Par Honda Titan 150 Ks 2004 Original; 218; 4; https://produto.mercadolivre.com.br/MLB-1817533708-amortecedor-par-honda-titan-150-ks-2004-original-_JM#position=13&search_layout=grid&type=item&tracking_id=0ba95f81-160b-4067-ace3-a0f45b07296a;  ;./data/output/imagens/D_NQ_NP_742003-MLB45133289423_032021-O.webp;./data/output/imagens/yH5BAEAAAAALAAAAAABAAEAAAIBRAA7;./data/output/imagens/yH5BAEAAAAALAAAAAABAAEAAAIBRAA7 ; 
Acessórios para Veículos > Peças de Motos e Quadriciclos > Chassis > Amortecedores > Traseira; Par Amortecedor Honda Cg Titan Fan 150 2011 Original Cofap; 201; 8; https://produto.mercadolivre.com.br/MLB-1910066540-par-amortecedor-honda-cg-titan-fan-150-2011-original-cofap-_JM#position=14&search_layout=grid&type=item&tracking_id=0ba95f81-160b-4067-ace3-a0f45b07296a;  ;./data/output/imagens/D_NQ_NP_999267-MLB46323879166_062021-O.webp;./data/output/imagens/yH5BAEAAAAALAAAAAABAAEAAAIBRAA7;./data/output/imagens/yH5BAEAAAAALAAAAAABAAEAAAIBRAA7;./data/output/imagens/yH5BAEAAAAALAAAAAABAAEAAAIBRAA7 ; 
Acessórios para Veículos > Peças de Motos e Quadriciclos > Chassis > Amortecedores > Traseira; Par Amortecedor Cg Titan Fan 150 2004 Original Cofap 2005; 219; 4; https://produto.mercadolivre.com.br/MLB-1572010732-par-amortecedor-cg-titan-fan-150-2004-original-cofap-2005-_JM#position=15&search_layout=grid&type=item&tracking_id=0ba95f81-160b-4067-ace3-a0f45b07296a;  ;./data/output/imagens/D_NQ_NP_634599-MLB42349958219_062020-O.webp;./data/output/imagens/yH5BAEAAAAALAAAAAABAAEAAAIBRAA7;./data/output/imagens/yH5BAEAAAAALAAAAAABAAEAAAIBRAA7;./data/output/imagens/yH5BAEAAAAALAAAAAABAAEAAAIBRAA7 ; 
Acessórios para Veículos > Peças de Motos e Quadriciclos > Chassis > Amortecedores > Traseira; Amotecedor Cg Titan150ks/es/eds/cg Fan 160 Todas (par Cofap); 189; 68; https://produto.mercadolivre.com.br/MLB-1857441721-amotecedor-cg-titan150ksesedscg-fan-160-todas-par-cofap-_JM#position=16&search_layout=grid&type=item&tracking_id=0ba95f81-160b-4067-ace3-a0f45b07296a;  ;./data/output/imagens/D_NQ_NP_820193-MLB45587669328_042021-O.webp;./data/output/imagens/yH5BAEAAAAALAAAAAABAAEAAAIBRAA7;./data/output/imagens/yH5BAEAAAAALAAAAAABAAEAAAIBRAA7;./data/output/imagens/yH5BAEAAAAALAAAAAABAAEAAAIBRAA7;./data/output/imagens/yH5BAEAAAAALAAAAAABAAEAAAIBRAA7 ; 
Acessórios para Veículos > Peças de Motos e Quadriciclos > Chassis > Amortecedores > Traseira; Amortecedor Honda Cg 150 160 Titan Fan Job Orig. Cofap (par); 219; 60; https://produto.mercadolivre.com.br/MLB-1785447147-amortecedor-honda-cg-150-160-titan-fan-job-orig-cofap-par-_JM#position=17&search_layout=grid&type=item&tracking_id=0ba95f81-160b-4067-ace3-a0f45b07296a;  ;./data/output/imagens/D_NQ_NP_751172-MLB44783989900_022021-O.webp;./data/output/imagens/yH5BAEAAAAALAAAAAABAAEAAAIBRAA7;./data/output/imagens/yH5BAEAAAAALAAAAAABAAEAAAIBRAA7;./data/output/imagens/yH5BAEAAAAALAAAAAABAAEAAAIBRAA7 ; 
Acessórios para Veículos > Peças de Motos e Quadriciclos > Chassis > Amortecedores > Traseira; Par Amortecedor Honda Cg Titan Fan 150 2007 Original Cofap; 214; 3; https://produto.mercadolivre.com.br/MLB-1558487115-par-amortecedor-honda-cg-titan-fan-150-2007-original-cofap-_JM#position=18&search_layout=grid&type=item&tracking_id=0ba95f81-160b-4067-ace3-a0f45b07296a;  ;./data/output/imagens/D_NQ_NP_804192-MLB42164893496_062020-O.webp;./data/output/imagens/yH5BAEAAAAALAAAAAABAAEAAAIBRAA7;./data/output/imagens/yH5BAEAAAAALAAAAAABAAEAAAIBRAA7;./data/output/imagens/yH5BAEAAAAALAAAAAABAAEAAAIBRAA7 ; 
Acessórios para Veículos > Peças de Motos e Quadriciclos > Chassis > Amortecedores > Traseira; Par Amortecedor Cofap + Relação Riffel Cg Titan Fan 2008 150; 309; 2; https://produto.mercadolivre.com.br/MLB-1700646505-par-amortecedor-cofap-relaco-riffel-cg-titan-fan-2008-150-_JM#position=19&search_layout=grid&type=item&tracking_id=0ba95f81-160b-4067-ace3-a0f45b07296a;  ;./data/output/imagens/D_NQ_NP_889006-MLB43962473875_102020-O.webp;./data/output/imagens/yH5BAEAAAAALAAAAAABAAEAAAIBRAA7;./data/output/imagens/yH5BAEAAAAALAAAAAABAAEAAAIBRAA7;./data/output/imagens/yH5BAEAAAAALAAAAAABAAEAAAIBRAA7 ; 
Acessórios para Veículos > Peças de Motos e Quadriciclos > Chassis > Amortecedores > Traseira; Amortecedor Traseiro Bros 150 2006 2007 2008 Original Cofap; 540; 2; https://produto.mercadolivre.com.br/MLB-1835308641-amortecedor-traseiro-bros-150-2006-2007-2008-original-cofap-_JM#position=20&search_layout=grid&type=item&tracking_id=0ba95f81-160b-4067-ace3-a0f45b07296a;  ;./data/output/imagens/D_NQ_NP_837048-MLB45336586436_032021-O.webp;./data/output/imagens/yH5BAEAAAAALAAAAAABAAEAAAIBRAA7;./data/output/imagens/yH5BAEAAAAALAAAAAABAAEAAAIBRAA7;./data/output/imagens/yH5BAEAAAAALAAAAAABAAEAAAIBRAA7;./data/output/imagens/yH5BAEAAAAALAAAAAABAAEAAAIBRAA7 ; 
Acessórios para Veículos > Peças de Motos e Quadriciclos > Chassis > Amortecedores > Traseira; Par Amortecedor Cg Titan Fan 150 2004 2005 Original Cofap; 201; 7; https://produto.mercadolivre.com.br/MLB-1910065730-par-amortecedor-cg-titan-fan-150-2004-2005-original-cofap-_JM#position=21&search_layout=grid&type=item&tracking_id=0ba95f81-160b-4067-ace3-a0f45b07296a;  ;./data/output/imagens/D_NQ_NP_850087-MLB46323860107_062021-O.webp;./data/output/imagens/yH5BAEAAAAALAAAAAABAAEAAAIBRAA7;./data/output/imagens/yH5BAEAAAAALAAAAAABAAEAAAIBRAA7;./data/output/imagens/yH5BAEAAAAALAAAAAABAAEAAAIBRAA7 ; 
Acessórios para Veículos > Peças de Motos e Quadriciclos > Chassis > Amortecedores > Traseira; Amortecedor Bros 125/bros 150 Ate 2005 Pro Link Cofap 41004; 565; 37; https://produto.mercadolivre.com.br/MLB-1312010551-amortecedor-bros-125bros-150-ate-2005-pro-link-cofap-41004-_JM#position=22&search_layout=grid&type=item&tracking_id=0ba95f81-160b-4067-ace3-a0f45b07296a;  ;./data/output/imagens/D_NQ_NP_751655-MLB32084578835_092019-O.webp;./data/output/imagens/yH5BAEAAAAALAAAAAABAAEAAAIBRAA7;./data/output/imagens/yH5BAEAAAAALAAAAAABAAEAAAIBRAA7 ; 
Acessórios para Veículos > Peças de Motos e Quadriciclos > Chassis > Amortecedores > Traseira; Amortecedor Traseiro Cg 150 Start 2016 Original Cofap Par; 239; 4; https://produto.mercadolivre.com.br/MLB-1691546966-amortecedor-traseiro-cg-150-start-2016-original-cofap-par-_JM#position=23&search_layout=grid&type=item&tracking_id=0ba95f81-160b-4067-ace3-a0f45b07296a;  ;./data/output/imagens/D_NQ_NP_991256-MLB43838327169_102020-O.webp ; 
Acessórios para Veículos > Peças de Motos e Quadriciclos > Chassis > Amortecedores > Traseira; Monoshock Honda Bros 150 2011; 609; 1; https://produto.mercadolivre.com.br/MLB-1761272771-monoshock-honda-bros-150-2011-_JM#position=24&search_layout=grid&type=item&tracking_id=0ba95f81-160b-4067-ace3-a0f45b07296a;  ;./data/output/imagens/D_NQ_NP_805206-MLB31184310345_062019-O.webp;./data/output/imagens/yH5BAEAAAAALAAAAAABAAEAAAIBRAA7;./data/output/imagens/yH5BAEAAAAALAAAAAABAAEAAAIBRAA7;./data/output/imagens/yH5BAEAAAAALAAAAAABAAEAAAIBRAA7 ; 
Acessórios para Veículos > Peças de Motos e Quadriciclos > Chassis > Amortecedores > Traseira; Amortecedor Traseiro Bros 150 2003 2004 Original  2005 Cofap; 540; 3; https://produto.mercadolivre.com.br/MLB-1700653739-amortecedor-traseiro-bros-150-2003-2004-original-2005-cofap-_JM#position=25&search_layout=grid&type=item&tracking_id=0ba95f81-160b-4067-ace3-a0f45b07296a;  ;./data/output/imagens/D_NQ_NP_686667-MLB43962689345_102020-O.webp;./data/output/imagens/yH5BAEAAAAALAAAAAABAAEAAAIBRAA7;./data/output/imagens/yH5BAEAAAAALAAAAAABAAEAAAIBRAA7;./data/output/imagens/yH5BAEAAAAALAAAAAABAAEAAAIBRAA7 ; 
Acessórios para Veículos > Peças de Motos e Quadriciclos > Chassis > Amortecedores > Traseira; Par Amortecedor Traseiro Titan Fan 150 2011 Cofap  Original; 248; 2; https://produto.mercadolivre.com.br/MLB-1700597709-par-amortecedor-traseiro-titan-fan-150-2011-cofap-original-_JM#position=26&search_layout=grid&type=item&tracking_id=0ba95f81-160b-4067-ace3-a0f45b07296a;  ;./data/output/imagens/D_NQ_NP_672734-MLB43961976803_102020-O.webp;./data/output/imagens/yH5BAEAAAAALAAAAAABAAEAAAIBRAA7;./data/output/imagens/yH5BAEAAAAALAAAAAABAAEAAAIBRAA7;./data/output/imagens/yH5BAEAAAAALAAAAAABAAEAAAIBRAA7 ; 
Acessórios para Veículos > Peças de Motos e Quadriciclos > Chassis > Amortecedores > Traseira; Amortecedor Traseiro Cg 150 Start 2015 Original Cofap Par; 249; 9; https://produto.mercadolivre.com.br/MLB-1691534232-amortecedor-traseiro-cg-150-start-2015-original-cofap-par-_JM#position=27&search_layout=grid&type=item&tracking_id=0ba95f81-160b-4067-ace3-a0f45b07296a;  ;./data/output/imagens/D_NQ_NP_749294-MLB43838247451_102020-O.webp ; 
Acessórios para Veículos > Peças de Motos e Quadriciclos > Chassis > Amortecedores > Traseira; Par Amortecedor Traseiro Titan 150 Esd 2007 2008 2009 Cofap; 232; 8; https://produto.mercadolivre.com.br/MLB-1344290972-par-amortecedor-traseiro-titan-150-esd-2007-2008-2009-cofap-_JM#position=28&search_layout=grid&type=item&tracking_id=0ba95f81-160b-4067-ace3-a0f45b07296a;  ;./data/output/imagens/D_NQ_NP_664809-MLB32580953453_102019-O.webp;./data/output/imagens/yH5BAEAAAAALAAAAAABAAEAAAIBRAA7;./data/output/imagens/yH5BAEAAAAALAAAAAABAAEAAAIBRAA7 ; 
Acessórios para Veículos > Peças de Motos e Quadriciclos > Chassis > Amortecedores > Traseira; Par Amortecedor Cofap Cr22540m Honda Cg Titan 150 / Fan/ Job; 229; 1; https://produto.mercadolivre.com.br/MLB-1643625147-par-amortecedor-cofap-cr22540m-honda-cg-titan-150-fan-job-_JM#position=29&search_layout=grid&type=item&tracking_id=0ba95f81-160b-4067-ace3-a0f45b07296a;  ;./data/output/imagens/D_NQ_NP_892715-MLB26961389019_032018-O.webp;./data/output/imagens/yH5BAEAAAAALAAAAAABAAEAAAIBRAA7;./data/output/imagens/yH5BAEAAAAALAAAAAABAAEAAAIBRAA7;./data/output/imagens/yH5BAEAAAAALAAAAAABAAEAAAIBRAA7;./data/output/imagens/yH5BAEAAAAALAAAAAABAAEAAAIBRAA7;./data/output/imagens/yH5BAEAAAAALAAAAAABAAEAAAIBRAA7;./data/output/imagens/yH5BAEAAAAALAAAAAABAAEAAAIBRAA7 ; 
Acessórios para Veículos > Peças de Motos e Quadriciclos > Chassis > Amortecedores > Traseira; Combo Amortecedor Cofap Cg150(par) + Relação Cofap Cg150; 301; 5; https://produto.mercadolivre.com.br/MLB-1467418878-combo-amortecedor-cofap-cg150par-relaco-cofap-cg150-_JM#position=30&search_layout=grid&type=item&tracking_id=0ba95f81-160b-4067-ace3-a0f45b07296a;  ;./data/output/imagens/D_NQ_NP_746540-MLB41106096816_032020-O.webp;./data/output/imagens/yH5BAEAAAAALAAAAAABAAEAAAIBRAA7;./data/output/imagens/yH5BAEAAAAALAAAAAABAAEAAAIBRAA7;./data/output/imagens/yH5BAEAAAAALAAAAAABAAEAAAIBRAA7;./data/output/imagens/yH5BAEAAAAALAAAAAABAAEAAAIBRAA7;./data/output/imagens/yH5BAEAAAAALAAAAAABAAEAAAIBRAA7 ; 
Acessórios para Veículos > Peças de Motos e Quadriciclos > Chassis > Amortecedores > Traseira; Amortecedor Traseiro Cg 150 Fan 2013 Original Cofap Par; 224; 7; https://produto.mercadolivre.com.br/MLB-1274590354-amortecedor-traseiro-cg-150-fan-2013-original-cofap-par-_JM#position=31&search_layout=grid&type=item&tracking_id=0ba95f81-160b-4067-ace3-a0f45b07296a;  ;./data/output/imagens/D_NQ_NP_898221-MLB43674889749_102020-O.webp;./data/output/imagens/yH5BAEAAAAALAAAAAABAAEAAAIBRAA7;./data/output/imagens/yH5BAEAAAAALAAAAAABAAEAAAIBRAA7;./data/output/imagens/yH5BAEAAAAALAAAAAABAAEAAAIBRAA7 ; 
Acessórios para Veículos > Peças de Motos e Quadriciclos > Chassis > Amortecedores > Traseira; Amortecedor Cg Titan 150 2004 A 2005 Cofap Original; 230; 3; https://produto.mercadolivre.com.br/MLB-1666731617-amortecedor-cg-titan-150-2004-a-2005-cofap-original-_JM#position=32&search_layout=grid&type=item&tracking_id=0ba95f81-160b-4067-ace3-a0f45b07296a;  ;./data/output/imagens/D_NQ_NP_862458-MLB43561158818_092020-O.webp;./data/output/imagens/yH5BAEAAAAALAAAAAABAAEAAAIBRAA7;./data/output/imagens/yH5BAEAAAAALAAAAAABAAEAAAIBRAA7 ; 
Acessórios para Veículos > Peças de Motos e Quadriciclos > Chassis > Amortecedores > Traseira; Amortecedor Cg Titan Fan 150 2004 Modelo Original Cofap; 219; 1; https://produto.mercadolivre.com.br/MLB-1613312166-amortecedor-cg-titan-fan-150-2004-modelo-original-cofap-_JM#position=33&search_layout=grid&type=item&tracking_id=0ba95f81-160b-4067-ace3-a0f45b07296a;  ;./data/output/imagens/D_NQ_NP_914787-MLB42945203919_072020-O.webp;./data/output/imagens/yH5BAEAAAAALAAAAAABAAEAAAIBRAA7;./data/output/imagens/yH5BAEAAAAALAAAAAABAAEAAAIBRAA7;./data/output/imagens/yH5BAEAAAAALAAAAAABAAEAAAIBRAA7 ; 
Acessórios para Veículos > Peças de Motos e Quadriciclos > Chassis > Amortecedores > Traseira; Amortecedor Cg Fan 150 Fan150 2011 Mix Original Par Cofap; 224; 3; https://produto.mercadolivre.com.br/MLB-1395501289-amortecedor-cg-fan-150-fan150-2011-mix-original-par-cofap-_JM#position=34&search_layout=grid&type=item&tracking_id=0ba95f81-160b-4067-ace3-a0f45b07296a;  ;./data/output/imagens/D_NQ_NP_859300-MLB43674977499_102020-O.webp;./data/output/imagens/yH5BAEAAAAALAAAAAABAAEAAAIBRAA7;./data/output/imagens/yH5BAEAAAAALAAAAAABAAEAAAIBRAA7;./data/output/imagens/yH5BAEAAAAALAAAAAABAAEAAAIBRAA7 ; 
Acessórios para Veículos > Peças de Motos e Quadriciclos > Chassis > Amortecedores > Traseira; Amortecedor Traseiro Cg 150 Cargo 2007 Original Cofap Par; 269; 3; https://produto.mercadolivre.com.br/MLB-1691534126-amortecedor-traseiro-cg-150-cargo-2007-original-cofap-par-_JM#position=35&search_layout=grid&type=item&tracking_id=0ba95f81-160b-4067-ace3-a0f45b07296a;  ;./data/output/imagens/D_NQ_NP_779899-MLB43838246712_102020-O.webp ; 
Acessórios para Veículos > Peças de Motos e Quadriciclos > Chassis > Amortecedores > Traseira; Amortecedor Pro Link Prolink Bros 150 2005 Original Cofap; 540; 1; https://produto.mercadolivre.com.br/MLB-1835309519-amortecedor-pro-link-prolink-bros-150-2005-original-cofap-_JM#position=36&search_layout=grid&type=item&tracking_id=0ba95f81-160b-4067-ace3-a0f45b07296a;  ;./data/output/imagens/D_NQ_NP_687704-MLB45336623892_032021-O.webp;./data/output/imagens/yH5BAEAAAAALAAAAAABAAEAAAIBRAA7;./data/output/imagens/yH5BAEAAAAALAAAAAABAAEAAAIBRAA7;./data/output/imagens/yH5BAEAAAAALAAAAAABAAEAAAIBRAA7;./data/output/imagens/yH5BAEAAAAALAAAAAABAAEAAAIBRAA7 ; 
Acessórios para Veículos > Peças de Motos e Quadriciclos > Chassis > Amortecedores > Traseira; Amortecedor Traseiro Cg 150 Start 2017 Original Cofap Par; 224; 1; https://produto.mercadolivre.com.br/MLB-1274621753-amortecedor-traseiro-cg-150-start-2017-original-cofap-par-_JM#position=37&search_layout=grid&type=item&tracking_id=0ba95f81-160b-4067-ace3-a0f45b07296a;  ;./data/output/imagens/D_NQ_NP_769141-MLB43675130666_102020-O.webp;./data/output/imagens/yH5BAEAAAAALAAAAAABAAEAAAIBRAA7;./data/output/imagens/yH5BAEAAAAALAAAAAABAAEAAAIBRAA7;./data/output/imagens/yH5BAEAAAAALAAAAAABAAEAAAIBRAA7 ; 
